-- 插入小区数据
insert into 小区(小区名称, 小区地址, 小区面积) values('光明小区', '光明路', 1000);

-- 插入保洁员数据
insert into 保洁员(编号, 姓名, 性别, 年龄, 类型, 手机号)
	values('BJ0001', '马芸', '女', 36, '扫地', '13088881111');
insert into 保洁员(编号, 姓名, 性别, 年龄, 类型, 手机号)
	values('BJ0002', '小丽', '女', 35, '扫地', '13188889999');
insert into 保洁员(编号, 姓名, 性别, 年龄, 类型, 手机号)
	values('BJ0003', '马冬梅', '女', 34, '扫地', '12344446666');


-- 插入维修数据
insert into 维修(维修编号, 原因, 施工日期, 施工单位, 报修人手机)
	values('WX1255', '漏水', '2020-06-18', '单位一', '12345659877');
insert into 维修(维修编号, 原因, 施工日期, 施工单位, 报修人手机)
	values('WX6598', '漏电', '2020-07-29', '单位二', '12265485316');
insert into 维修(维修编号, 原因, 施工日期, 施工单位, 报修人手机)
	values('WX6548', '漏水', '2020-05-30', '单位三', '12345659877');
insert into 维修(维修编号, 原因, 施工日期, 施工单位, 报修人手机)
	values('WX6546', '漏水', '2020-05-01', '单位三', '12265485316');
insert into 维修(维修编号, 原因, 施工日期, 施工单位, 报修人手机)
	values('WX3214', '漏电', '2020-04-23', '单位二', '12332116544');

-- 插入维修工数据
insert into 维修工(手机号, 姓名, 性别, 类型, 维修编号)
	values('12366665555', '小明', '男', '水', 'WX1255');
insert into 维修工(手机号, 姓名, 性别, 类型, 维修编号)
	values('12355559999', '小强', '男', '电', 'WX6598');
insert into 维修工(手机号, 姓名, 性别, 类型, 维修编号)
	values('15866663333', '小明', '男', '水', 'WX6548');
insert into 维修工(手机号, 姓名, 性别, 类型, 维修编号)
	values('15866663333', '小明', '男', '水', 'WX6546');
insert into 维修工(手机号, 姓名, 性别, 类型, 维修编号)
	values('12355559999', '小强', '男', '电', 'WX3214');

-- 插入住户数据
insert into 住户(住户编号, 户主姓名, 手机号, 地址, 电子邮件)
	values('ZH3204', '小刘', '12345659877', '01号', '212351@gmail.com');
insert into 住户(住户编号, 户主姓名, 手机号, 地址, 电子邮件)
	values('ZH6548', '小王', '12332116544', '02号', '5318153@gmail.com');
insert into 住户(住户编号, 户主姓名, 手机号, 地址, 电子邮件)
	values('ZH4785', '小刘', '12265485316', '03号', '98498498@gmail.com');

-- 插入居民出入数据
insert into 居民出入(居民编号, 出入日期, 出入时间, 出入类型)
	values('ZH3204', '2020-06-01', '2020-06-01 6:00', '出');
insert into 居民出入(居民编号, 出入日期, 出入时间, 出入类型)
	values('ZH3204', '2020-06-01', '2020-06-01 18:00', '入');
insert into 居民出入(居民编号, 出入日期, 出入时间, 出入类型)
	values('ZH3204', '2020-06-03', '2020-06-03 7:00', '出');
insert into 居民出入(居民编号, 出入日期, 出入时间, 出入类型)
	values('ZH4785', '2020-06-03', '2020-06-03 8:00', '入');
insert into 居民出入(居民编号, 出入日期, 出入时间, 出入类型)
	values('ZH4785', '2020-06-04', '2020-06-04 12:00', '出');
insert into 居民出入(居民编号, 出入日期, 出入时间, 出入类型)
	values('ZH6548', '2020-06-05', '2020-06-05 11:00', '入');

-- 插入缴费数据
insert into 缴费(缴费名称, 缴费人编号, 缴费日期, 缴费时间, 金额)
	values('水', 'ZH3204', '2020-08-31', '2020-08-31 8:00:00', 0);
insert into 缴费(缴费名称, 缴费人编号, 缴费日期, 缴费时间, 金额)
	values('水', 'ZH6548', '2020-09-01', '2020-09-01 9:00:00', 0);
insert into 缴费(缴费名称, 缴费人编号, 缴费日期, 缴费时间, 金额)
	values('电', 'ZH3204', '2020-09-01', '2020-09-01 12:00:00', 0);
insert into 缴费(缴费名称, 缴费人编号, 缴费日期, 缴费时间, 金额)
	values('电', 'ZH6548', '2020-08-31', '2020-08-31 18:00:00', 0);
insert into 缴费(缴费名称, 缴费人编号, 缴费日期, 缴费时间, 金额)
	values('电', 'ZH4785', '2020-08-31', '2020-08-31 19:00', 0);
insert into 缴费(缴费名称, 缴费人编号, 缴费日期, 缴费时间, 金额)
	values('水', 'ZH4785', '2020-09-01', '2020-09-01 21:00', 0);

-- 插入缴费项数据
insert into 缴费项(编号, 缴费人编号, 名称, 数量, 单价, 截止日期)
	values('JF0001', 'ZH3204', '水', 20, 2, '2020-09-01');
insert into 缴费项(编号, 缴费人编号, 名称, 数量, 单价, 截止日期)
	values('Jf0002', 'ZH3204', '电', 63, 1, '2020-09-01');
insert into 缴费项(编号, 缴费人编号, 名称, 数量, 单价, 截止日期)
	values('JF0003', 'ZH4785', '水', 30, 2, '2020-09-01');
insert into 缴费项(编号, 缴费人编号, 名称, 数量, 单价, 截止日期)
	values('JF0004', 'ZH4785', '电', 87, 1, '2020-09-01');
insert into 缴费项(编号, 缴费人编号, 名称, 数量, 单价, 截止日期)
	values('JF0005', 'ZH6548', '水', 25, 2, '2020-09-01');
insert into 缴费项(编号, 缴费人编号, 名称, 数量, 单价, 截止日期)
	values('JF0006', 'ZH6548', '电', 99, 1, '2020-09-01');
